<?xml version="1.0"?>
<scene ambient="0.1 0.1 0.1 1.0">
  <!-- define camera,material,lights here -->
  <light name="myLight" color="1 1 1" from="-5 5 5" power="0.5" type="point" />
  <light name="myLight2" color="1 1 1" from="5 10 5 " power="0.9" type="point" />

  <material name="red" diffuse="1 0 0" specular="0.8 0.8 0.8" hardness="32" />
  <material name="green" diffuse="0 1 0" specular="0.8 0.8 0.8" hardness="32" />
  <material name="blue" diffuse="0 0 1" specular="0.8 0.8 0.9" hardness="32" />
  <material name="orange" diffuse="1 0.5 0" specular="0.8 0.8 0.9" hardness="32" />
  <material name="yellow" diffuse="1 1 0" specular="0.8 0.8 0.9" hardness="32" />
  
  <!-- render configuration -->
  <render bgcolor="0 0 0" output="BoxStacks.png" samples="4" >
      <camera name="myCamera" from="6 10 15" to="0 0 0" up="0 1 0" fovy="45" width="512" height="512" />
  </render> 
  
  <!-- scene objects -->
  <node name="root" >
    <plane>  <material ref="blue" />  <material2 ref="green" />  </plane>  
    <node name="boxStack" rotation="0 30 0" >
      <node name="box1" >
        <box min="-1 0 -1" max="1 2 1">
          <material ref="red" />
        </box>
        <node name="box2" translation="0 2 0" rotation="0 12 0" scale="0.5 0.5 0.5" >
          <box min="-1 0 -1" max="1 2 1">
            <material ref="orange" />
          </box>
          <node name="box3" translation="0 2 0.2" rotation="0 -15 0" scale="0.5 0.5 0.5" >
            <box min="-1 0 -1" max="1 2 1">
              <material ref="yellow" />
            </box>
          </node>
        </node>
      </node>
    </node>

    <node name="boxStack2" ref="boxStack"  rotation="0 24 0" translation="3 0 -3" />
    <node name="boxStack3" ref="boxStack"  rotation="0 87 0" translation="3 0  3" />
    <node name="boxStack2" ref="boxStack"  rotation="0 4 0"  translation="-3 0 -3" />
    <node name="boxStack3" ref="boxStack"  rotation="0 57 0" translation="-3 0  3" />

  </node>

</scene>
