<?xml version="1.0"?>
<scene ambient="0.2 0.2 0.2">
  <!-- define camera,material,lights here -->
  <light name="myLight" color="0.8 0.2 0.2" from="10 5 10 " power="0.6" type="point" />
  <light name="myLight2" color="0.8 0.8 0.8" from="-10 10 2 " power="0.9" type="point" />
  <material name="red" diffuse="1 0 0" specular="0.5 0.5 0.5" hardness="50" />
  <material name="green" diffuse="0 1 0" specular="0.5 0.5 0.5" hardness="16" />
  <material name="blue" diffuse="0 0 1" specular="0.5 0.5 0.5" hardness="16" />
  <material name="black" diffuse="0 0 0" specular="0 0 0" hardness="0" />
  <material name="white" diffuse="1 1 1" specular="0 0 0" hardness="0" />
  
  <!-- render configuration -->
  <render bgcolor="0 0 0" output="MetaBalls2.png" samples="1" >
    <camera name="myCamera" from="0 4 6" to="0 1.5 0" up="0 1 0" fovy="15" width="640" height="480" />
  </render> 
  
  <!-- scene objects -->
  <node name="root" >
  	  <metaballs>
	    <sphere center="-0.5 1 0" radius="1" >
		  <material ref="red" />
	    </sphere>
	    <sphere center="0.5 1 0" radius="1" >
		  <material ref="blue" />
	    </sphere>
	  </metaballs> 
	  <plane coeffs="0 1 0 0" >
		<material ref="black" />
		<material2 ref="white" />
	  </plane>  
  </node>
</scene>
