<?xml version="1.0"?>
<scene ambient="0.1 0.1 0.1 1.0">
    <!-- define camera,material,lights here -->
    <light name="myLight" color="1 1 1" from="0 5 5" power="1.0" type="point" />
    <material name="red" diffuse="1 0 0" specular="0.8 0.8 0.8" hardness="16" />
    <material name="blue" diffuse="0 0 1" specular="0.5 0.5 0.5" hardness="16" />
    <material name="green" diffuse="0 1 0" specular="0.5 0.5 0.5" hardness="16" />

    <!-- render configuration -->
    <render bgcolor="0 0 0" output="quadric.png">
        <camera name="myCamera" from="0 2 10" to="0 0 -10" up="0 1 0" fovy="45" width="1024" height="768" />
    </render>

    <!-- scene objects -->
    <!-- A3 B3 C10-->

    <quadric  	 Q = "1 0 0 0
                      0 4 0 0
                      0 0 1 0
                      0 0 0 -1"  >
            <material ref="green" />
            <material2 ref="blue" />
     </quadric>
  
    <node name="plane" translation="0 -1 0">
  	<plane>
      <material ref="blue" />
      <material2 ref="green" />
    </plane>
  </node>
    
      
     
    

	

</scene>